"序号","网址"
1,"http://bbs.cehome.com/thread-614565-1-1.html"
2,"http://bbs.cehome.com/thread-614461-1-1.html"
3,"http://bbs.cehome.com/thread-614439-1-1.html"
4,"http://bbs.cehome.com/thread-614407-1-1.html"
5,"http://bbs.cehome.com/thread-614395-1-1.html"
6,"http://bbs.cehome.com/thread-614393-1-1.html"
7,"http://bbs.cehome.com/thread-614378-1-1.html"
8,"http://bbs.cehome.com/thread-614285-1-1.html"
9,"http://bbs.cehome.com/thread-614281-1-1.html"
10,"http://bbs.cehome.com/thread-614219-1-1.html"
11,"http://bbs.cehome.com/thread-614116-1-1.html"
12,"http://bbs.cehome.com/thread-614106-1-1.html"
13,"http://bbs.cehome.com/thread-614103-1-1.html"
14,"http://bbs.cehome.com/thread-614086-1-1.html"
15,"http://bbs.cehome.com/thread-614065-1-1.html"
16,"http://bbs.cehome.com/thread-614013-1-1.html"
17,"http://bbs.cehome.com/thread-614006-1-1.html"
18,"http://bbs.cehome.com/thread-613991-1-1.html"
19,"http://bbs.cehome.com/thread-613969-1-1.html"
20,"http://bbs.cehome.com/thread-613956-1-1.html"
21,"http://bbs.cehome.com/thread-613946-1-1.html"
22,"http://bbs.cehome.com/thread-613937-1-1.html"
23,"http://bbs.cehome.com/thread-613897-1-1.html"
24,"http://bbs.cehome.com/thread-613857-1-1.html"
25,"http://bbs.cehome.com/thread-613809-1-1.html"
26,"http://bbs.cehome.com/thread-614848-1-1.html"
27,"http://bbs.cehome.com/thread-614837-1-1.html"
28,"http://bbs.cehome.com/thread-614831-1-1.html"
29,"http://bbs.cehome.com/thread-614807-1-1.html"
30,"http://bbs.cehome.com/thread-614780-1-1.html"
31,"http://bbs.cehome.com/thread-614751-1-1.html"
32,"http://bbs.cehome.com/thread-614739-1-1.html"
33,"http://bbs.cehome.com/thread-614710-1-1.html"
34,"http://bbs.cehome.com/thread-614658-1-1.html"
35,"http://bbs.cehome.com/thread-614615-1-1.html"
36,"http://bbs.cehome.com/thread-615097-1-1.html"
37,"http://bbs.cehome.com/thread-615087-1-1.html"
38,"http://bbs.cehome.com/thread-615083-1-1.html"
39,"http://bbs.cehome.com/thread-615043-1-1.html"
40,"http://bbs.cehome.com/thread-615000-1-1.html"
41,"http://bbs.cehome.com/thread-614974-1-1.html"
42,"http://bbs.cehome.com/thread-614960-1-1.html"
43,"http://bbs.cehome.com/thread-614954-1-1.html"
44,"http://bbs.cehome.com/thread-614931-1-1.html"
45,"http://bbs.cehome.com/thread-614929-1-1.html"
46,"http://bbs.cehome.com/thread-614924-1-1.html"
47,"http://bbs.cehome.com/thread-615439-1-1.html"
48,"http://bbs.cehome.com/thread-615417-1-1.html"
49,"http://bbs.cehome.com/thread-615353-1-1.html"
50,"http://bbs.cehome.com/thread-615342-1-1.html"
51,"http://bbs.cehome.com/thread-615338-1-1.html"
52,"http://bbs.cehome.com/thread-615307-1-1.html"
53,"http://bbs.cehome.com/thread-615276-1-1.html"
54,"http://bbs.cehome.com/thread-615254-1-1.html"
55,"http://bbs.cehome.com/thread-615245-1-1.html"
56,"http://bbs.cehome.com/thread-615218-1-1.html"
57,"http://bbs.cehome.com/thread-615196-1-1.html"
58,"http://bbs.cehome.com/thread-615171-1-1.html"
59,"http://bbs.cehome.com/thread-615139-1-1.html"
60,"http://bbs.cehome.com/thread-615137-1-1.html"
61,"http://bbs.cehome.com/thread-615707-1-1.html"
62,"http://bbs.cehome.com/thread-615687-1-1.html"
63,"http://bbs.cehome.com/thread-615660-1-1.html"
64,"http://bbs.cehome.com/thread-615637-1-1.html"
65,"http://bbs.cehome.com/thread-615610-1-1.html"
66,"http://bbs.cehome.com/thread-615578-1-1.html"
67,"http://bbs.cehome.com/thread-615971-1-1.html"
68,"http://bbs.cehome.com/thread-615912-1-1.html"
69,"http://bbs.cehome.com/thread-615895-1-1.html"
70,"http://bbs.cehome.com/thread-615857-1-1.html"
71,"http://bbs.cehome.com/thread-615818-1-1.html"
72,"http://bbs.cehome.com/thread-615797-1-1.html"
73,"http://bbs.cehome.com/thread-616435-1-1.html"
74,"http://bbs.cehome.com/thread-616421-1-1.html"
75,"http://bbs.cehome.com/thread-616389-1-1.html"
76,"http://bbs.cehome.com/thread-616377-1-1.html"
77,"http://bbs.cehome.com/thread-616366-1-1.html"
78,"http://bbs.cehome.com/thread-616286-1-1.html"
79,"http://bbs.cehome.com/thread-616275-1-1.html"
80,"http://bbs.cehome.com/thread-616247-1-1.html"
81,"http://bbs.cehome.com/thread-616238-1-1.html"
82,"http://bbs.cehome.com/thread-616236-1-1.html"
83,"http://bbs.cehome.com/thread-616230-1-1.html"
84,"http://bbs.cehome.com/thread-617109-1-1.html"
85,"http://bbs.cehome.com/thread-617090-1-1.html"
86,"http://bbs.cehome.com/thread-617087-1-1.html"
87,"http://bbs.cehome.com/thread-617084-1-1.html"
88,"http://bbs.cehome.com/thread-617080-1-1.html"
89,"http://bbs.cehome.com/thread-617065-1-1.html"
90,"http://bbs.cehome.com/thread-617024-1-1.html"
91,"http://bbs.cehome.com/thread-617003-1-1.html"
92,"http://bbs.cehome.com/thread-616916-1-1.html"
93,"http://bbs.cehome.com/thread-616892-1-1.html"
94,"http://bbs.cehome.com/thread-616820-1-1.html"
95,"http://bbs.cehome.com/thread-616769-1-1.html"
96,"http://bbs.cehome.com/thread-616732-1-1.html"
97,"http://bbs.cehome.com/thread-616703-1-1.html"
98,"http://bbs.cehome.com/thread-616686-1-1.html"
99,"http://bbs.cehome.com/thread-616636-1-1.html"
100,"http://bbs.cehome.com/thread-616628-1-1.html"
