冷门佳片,小戏骨：放开那三国,8.3
冷门佳片,生存家族,8.1
冷门佳片,黑执事：大西洋之书,8.3
冷门佳片,伤物语3：冷血篇,8.3
冷门佳片,《西贡小姐》二十五周年表演,8.3
冷门佳片,伤物语2：热血篇,8.2
冷门佳片,理查三世,8.5
冷门佳片,亨利六世：第二部分,8.1
冷门佳片,亚人2：冲突,8.4
冷门佳片,柠檬水,8.2
冷门佳片,吹响悠风号：欢迎来到北宇治高中吹奏乐部,8.3
冷门佳片,少女与战车 剧场版,9.0
冷门佳片,布兰卡和弹吉他的人,8.1
冷门佳片,Love Live! 剧场版,8.2
冷门佳片,希德尼娅的骑士 剧场版,8.1
冷门佳片,神秘博士：最后的圣诞,8.3
冷门佳片,熟悉的陌生人,8.1
冷门佳片,姆明：漫游蓝湾,8.0
冷门佳片,小楼的奇幻生活,8.0
冷门佳片,太秦灯光下,8.1
冷门佳片,鲁邦三世：次元大介的墓碑,8.6
冷门佳片,免费入睡,8.3
冷门佳片,艾弗森,8.6
冷门佳片,老虎和兔子：崛起,8.2
冷门佳片,杰克,8.3
冷门佳片,古剑奇谭2：永夜初晗,8.7
冷门佳片,帷幕：波洛的最后一案,9.2
冷门佳片,流浪的尤莱克,8.3
冷门佳片,古宅迷踪,8.2
冷门佳片,生命如此美好,8.4
冷门佳片,狗十三,8.0
冷门佳片,寂静人生,8.3
冷门佳片,月光诗篇,8.0
冷门佳片,出路,8.9
冷门佳片,旧罪的阴影,8.1
冷门佳片,现实之舞,8.4
冷门佳片,那天妈妈来看我,8.2
冷门佳片,我亲爱的甜橙树,8.5
冷门佳片,奇特的故事,8.2
冷门佳片,西蒙·阿姆斯特尔：麻木,9.4
冷门佳片,无法避免的战争,8.3
冷门佳片,美丽心境界,8.3
冷门佳片,壳中少女：排气,8.0
冷门佳片,今夕何夕,8.0
冷门佳片,娜美篇 航海士的眼泪与牵绊,8.5
冷门佳片,布拉姆的异想世界,8.3
冷门佳片,魔法少女奈叶The MOVIE 2nd A's,8.3
冷门佳片,图书馆战争：革命之翼,8.0
冷门佳片,没有无辜的旁观者,8.9
冷门佳片,摩斯探长前传 试映集,8.8
冷门佳片,完美对垒,8.3
冷门佳片,一点小信仰,8.0
冷门佳片,永不独行,8.3
冷门佳片,跳芭蕾舞的男孩,8.1
冷门佳片,五月的四天,8.5
冷门佳片,回阵,8.0
冷门佳片,谜之音,9.0
冷门佳片,蓝学校,8.2
冷门佳片,飞哥与小佛的时空大冒险,8.1
冷门佳片,博学无术,8.3
冷门佳片,便当盒里的小秘密,8.2
冷门佳片,讲台深处,8.2
冷门佳片,攻壳机动队SSS 3D,8.7
冷门佳片,阿曼尼亚：欢迎来到德国,8.4
冷门佳片,天天好天,8.3
冷门佳片,苍穹之法芙娜：天堂和地球,8.2
冷门佳片,停靠,8.4
冷门佳片,永远活下去,8.3
冷门佳片,8UPPERS FEATURE MUSIC FILM,9.0
冷门佳片,巧舌如父,8.0
冷门佳片,哥哥的烟火,8.0
冷门佳片,这样的爱,8.1
冷门佳片,幸存的生命（理论与实践）,8.2
冷门佳片,你想要的一切,8.0
冷门佳片,最狂野的梦想：征服珠峰,8.7
冷门佳片,马达加斯加的企鹅：僵尸企鹅就是我,8.1
冷门佳片,科帕卡巴纳,8.1
冷门佳片,毛嗑儿,8.1
冷门佳片,不要摄像机,8.1
冷门佳片,赤脚梦想,8.1
冷门佳片,与春同行,8.2
冷门佳片,枪神 剧场版,8.1
冷门佳片,这不是弥赛亚,8.7
冷门佳片,以德报怨,8.4
冷门佳片,无蝉的夏天,8.3
冷门佳片,豆满江,8.1
冷门佳片,革命前夕的录音日记,9.1
冷门佳片,哈姆雷特,8.5
冷门佳片,小岛,8.1
冷门佳片,风愿,8.0
冷门佳片,CANAAN 剧场版,8.4
冷门佳片,国家地理：走进迷幻剂,8.4
冷门佳片,狼,8.1
冷门佳片,祖母,8.1
冷门佳片,透视内幕：大麻,8.0
冷门佳片,迈克尔·杰克逊追思会,8.9
冷门佳片,枪声俱乐部,8.1
冷门佳片,巴比伦之子,8.0
冷门佳片,海绵宝宝对大块头,8.7
冷门佳片,迷失：命运的召唤,8.6
冷门佳片,阿阿奇与西西帕克,8.0
冷门佳片,被投石处死的索拉雅·M,8.1
冷门佳片,纽约,8.1
冷门佳片,破碎,8.4
冷门佳片,梦幻赛季：23号&24号,8.5
冷门佳片,60岁的情书,8.1
冷门佳片,无人知晓的波斯猫,8.1
冷门佳片,鲜花,8.4
冷门佳片,天元突破剧场版：螺岩篇,9.1
冷门佳片,彼岸,8.4
冷门佳片,给雅各布神父的信,8.4
冷门佳片,空之境界 总集篇,8.8
冷门佳片,战火重生,8.6
冷门佳片,飞出个未来大电影4：绿色狂想,8.1
冷门佳片,时光之尘,8.1
冷门佳片,恩赐妙手：班·卡森医师,8.2
冷门佳片,不是我，我发誓！,8.2
冷门佳片,在瑞士的日子,8.5
冷门佳片,西部牛仔太空歌舞剧,8.0
冷门佳片,马丁弗里曼的Motown之旅,9.0
冷门佳片,布吉舞,8.1
冷门佳片,梅第奇家族：现代艺术缔造者,8.1
冷门佳片,布兰妮：郑重声明,8.5
冷门佳片,吗啡,8.2
冷门佳片,吻,8.4
冷门佳片,我将在好莱坞长眠,8.3
冷门佳片,辛普森一家之恐怖树屋第十九部,9.2
冷门佳片,是的，我们行！,8.2
冷门佳片,李尔王,8.1
冷门佳片,给斯大林的礼物,8.7
冷门佳片,吉屋出租：百老汇剧场版,9.1
冷门佳片,滚拉拉的枪,8.2
冷门佳片,天元突破剧场版：红莲篇,8.5
冷门佳片,呆瓜的崛起,8.1
冷门佳片,秋天,8.2
冷门佳片,勿忘我,8.2
冷门佳片,山樱,8.1
冷门佳片,小小的叛国者,8.4
冷门佳片,爱的真谛,8.7
冷门佳片,河狸白毛历险记,8.7
冷门佳片,迷失：过去，现在与未来,8.8
冷门佳片,凡尔赛宫：国王的梦想,8.1
冷门佳片,追火车日记,8.3
冷门佳片,列国图志之澳大利亚,8.2
冷门佳片,西班牙城堡,8.3
冷门佳片,佛在耻辱中倒塌,8.2
冷门佳片,香巴拉信使,8.4
冷门佳片,教宗的洗手间,8.2
冷门佳片,一样的月光,8.1
冷门佳片,英伦性丑闻,8.6
冷门佳片,愛と生命と涙の全記録「余命一ヶ月の花嫁」～乳がんと闘った24歳～最後のメッセージ,8.4
冷门佳片,The Sky Remains The Same As Ever,9.0
冷门佳片,狗和狼之間的时间,8.2
冷门佳片,与我的园丁对话,8.2
冷门佳片,无妄之灾,8.1
冷门佳片,加州梦,8.1
冷门佳片,魂归伤膝谷,8.1
冷门佳片,辛普森一家之24分钟蛋糕卖场反臭弹,8.9
冷门佳片,二维世界,8.0
冷门佳片,雅各布斯和路易威登,8.1
冷门佳片,天线,8.1
冷门佳片,伯特伦旅馆之谜,8.7
冷门佳片,光荣之子,8.0
冷门佳片,科学睡眠2,8.1
冷门佳片,失控的校园,8.2
冷门佳片,伊斯坦布尔的幸福,8.3
冷门佳片,さらば！黄金の聖闘士,8.8
冷门佳片,少年导演,8.0
冷门佳片,复仇女神,8.1
冷门佳片,战鼓,8.0
冷门佳片,我和托马斯,8.2
冷门佳片,男人上路,8.0
冷门佳片,动物之森,8.0
冷门佳片,沉重的决定,8.2
冷门佳片,婚纱,8.4
冷门佳片,勒克瑙之花,8.1
冷门佳片,两周,8.1
冷门佳片,鬼马小精灵之恐怖学校,8.1
冷门佳片,布加勒斯特东12点8分,8.0
冷门佳片,梦比优斯奥特曼和奥特兄弟,8.3
冷门佳片,喀布尔快递,8.1
冷门佳片,同名人,8.0
冷门佳片,黑帮大佬和平梦,8.1
冷门佳片,长途漫步,8.0
冷门佳片,大器晚成,8.3
冷门佳片,乔丹传奇-二十年的统治,9.0
冷门佳片,探索频道： 非洲超级七兽,8.4
冷门佳片,像土豆一样的信仰,8.0
冷门佳片,列国图志之巴西,8.4
冷门佳片,飞,8.3
冷门佳片,紫陀螺,8.9
冷门佳片,星际宝贝：终极任务,8.0
冷门佳片,来自俄亥俄的获奖者,8.3
冷门佳片,威尔和格蕾丝 告别秀,9.6
冷门佳片,彼得调频,8.2
冷门佳片,四月某时,8.1
冷门佳片,机动战士Z高达Ⅲ 星辰的鼓动是爱,8.5
冷门佳片,煦阳岭的疑云,8.4
冷门佳片,魔手,8.0
冷门佳片,沉睡的谋杀案,8.2
冷门佳片,盲者之国,8.2
冷门佳片,小鹿斑比2,8.0
冷门佳片,长矛的尖端,8.2
冷门佳片,苍穹之法芙娜：逝者的权利,8.8
冷门佳片,我的家人和其他动物,8.4
冷门佳片,葬礼之后,8.2
冷门佳片,伊丽莎白,9.6
冷门佳片,爱是漫长旅程,8.1
冷门佳片,梦魇疯人院,8.0
冷门佳片,机动战士Z高达Ⅱ 恋人们,8.2
冷门佳片,蝉时雨,8.2
冷门佳片,战场上的小人球,8.1
冷门佳片,绘画抑制9,8.1
冷门佳片,古巴万岁,8.2
冷门佳片,12岁的少年,8.2
冷门佳片,青空夏季篇 前篇：山路,8.4
冷门佳片,记得童年那首歌,8.5
冷门佳片,小黄狗的窝,8.4
冷门佳片,斯蒂威.格瑞菲:未曝光的故事,8.4
冷门佳片,秋雨,8.1
冷门佳片,无知的声音,8.4
冷门佳片,绅士的启示联盟,8.3
冷门佳片,机动战士Z高达：星之继承者,8.3
冷门佳片,杀戮禁区,8.1
冷门佳片,猫和老鼠：火星之旅,8.4
冷门佳片,亚当的苹果,8.2
冷门佳片,圣·拉尔夫,8.3
冷门佳片,麻辣女孩：超级任务,8.5
冷门佳片,我们的音乐,8.0
冷门佳片,生命国界,8.3
冷门佳片,替天行道三人行,8.0
冷门佳片,布拉格狂想曲,8.3
冷门佳片,小熊维尼之长鼻怪大冒险,8.1
冷门佳片,黑色的风采,8.6
冷门佳片,网球王子剧场版：迹部的礼物,8.0
冷门佳片,挪威野玫瑰,8.4
冷门佳片,奥斯维辛,8.9
冷门佳片,谋杀启事,8.5
冷门佳片,命案目睹记,8.3
冷门佳片,国王与王后,8.0
冷门佳片,黑熊维尼,8.6
冷门佳片,藏书室女尸之谜,8.1
冷门佳片,爱无国界,8.2
冷门佳片,安徒生之童话人生,8.2
冷门佳片,蠢蛋玩世界,8.3
冷门佳片,劳拉的星星,8.1
冷门佳片,春天花盛开,8.0
冷门佳片,撼动生命,8.2
冷门佳片,其实在天堂,8.1
冷门佳片,上学路上,8.0
冷门佳片,在天堂遇见的五个人,8.0
冷门佳片,海洋热,8.7
冷门佳片,公共王国的旅行,8.0
冷门佳片,关于浪漫时代的一个漫长婚约,8.2
冷门佳片,狮路历程,8.1
冷门佳片,土地与尘埃,8.4
冷门佳片,勇踏星途,8.2
冷门佳片,给坏小子的歌,8.0
冷门佳片,天作之盒,8.0
冷门佳片,乡村照相馆,8.0
冷门佳片,小熊维尼：春天的百亩森林,8.2
冷门佳片,维纳斯宾馆,8.1
冷门佳片,米开朗基罗,8.7
冷门佳片,暹罗复兴,8.2
冷门佳片,老子,8.3
冷门佳片,女权天使,8.7
冷门佳片,最后的木琴师,8.3
冷门佳片,森林鲁滨逊,8.1
冷门佳片,萨拉邦德,8.3
冷门佳片,麻辣女孩：时间危机,8.7
冷门佳片,去往蒙巴萨的单程票,8.5
冷门佳片,昭和歌谣大全集,8.0
冷门佳片,我美丽的守护天使,8.1
冷门佳片,真情电波,8.0
冷门佳片,庞贝古城：最后的一天,8.0
冷门佳片,特蕾莎修女,8.6
冷门佳片,亚伯拉罕先生,8.1
冷门佳片,雪行者,8.5
冷门佳片,约翰福音,8.7
冷门佳片,剧场版 假面骑士555 消失的天堂,8.2
冷门佳片,滑板狂热,8.0
冷门佳片,鲁邦三世：宝物返还大作战,8.7
冷门佳片,遥远的光辉,8.1
冷门佳片,我的妹妹小桃子,8.7
冷门佳片,生命的重托,8.2
冷门佳片,我的黄金时代,8.7
冷门佳片,消失在地图上的名字,8.0
冷门佳片,星际5555：异星梦系统秘传,8.4
冷门佳片,我是大卫,8.3
冷门佳片,寻爱之旅,8.3
冷门佳片,翼神世音 多元变奏曲,8.1
冷门佳片,航向热带岛屿的冰山,8.1
冷门佳片,美丽的秘密,8.9
冷门佳片,生死花园,8.7
冷门佳片,小猪大行动,8.2
冷门佳片,法拉利传,8.4
冷门佳片,早春二月,8.3
冷门佳片,芳心他属,8.1
冷门佳片,失落的王子,8.1
冷门佳片,平安夜,8.5
冷门佳片,皇家俱乐部,8.1
冷门佳片,尘世之间,8.0
冷门佳片,索利诺,8.1
冷门佳片,些许故事,8.1
冷门佳片,希弗和希索,8.4
冷门佳片,艾迪,8.2
冷门佳片,断魂枪声,8.7
冷门佳片,阿弥陀堂讯息,8.6
冷门佳片,火车上的男人,8.2
冷门佳片,春天的杜鹃,8.3
冷门佳片,太阳背后,8.0
冷门佳片,恶魔的孩子,8.5
冷门佳片,一无所有,8.1
冷门佳片,演员工作室：约翰尼·德普,8.7
冷门佳片,野丫头,8.0
冷门佳片,风的第一声呼吸,8.2
动作,杀人优越权,6.6
动作,星河战队：火星叛国者,5.8
动作,王牌保镖,7.3
动作,鲛珠传,4.4
动作,星游记之风暴法米拉,7.5
动作,青年警察,7.1
动作,六天,6.3
动作,反恐特警组：潜龙突围,4.6
动作,军舰岛,7.7
动作,首杀,5.2
动作,蝙蝠侠与哈莉·奎恩,6.2
动作,悟空传,5.2
动作,蜘蛛侠：英雄归来,7.5
动作,铁甲战神,4.4
动作,真实,4.9
动作,缉枪,6.4
动作,绝世高手,6.2
动作,变形金刚5：最后的骑士,4.8
动作,逆时营救,4.8
动作,绣春刀II：修罗战场,7.4
动作,中国推销员,4.1
动作,重装上阵,5.5
动作,新木乃伊,4.8
动作,赶尽杀绝,5.1
动作,内裤队长,5.5
动作,神奇女侠,7.1
动作,荡寇风云,6.1
动作,生化危机：复仇,6.4
动作,加勒比海盗5：死无对证,7.3
动作,恶女,6.1
动作,绑架,5.7
动作,不汗党,6.9
动作,末日重启,4.1
动作,勒索风云,6.9
动作,亚瑟王：斗兽争霸,7.1
动作,毒。诫,4.8
动作,海滩游侠,5.6
动作,杀手的祷告,5.1
动作,惊天解密,5.7
动作,拆弹专家,6.4
动作,巴霍巴利王(下)：终结,7.1
动作,血狼犬,5.8
动作,银河护卫队2,8.1
动作,速度与激情8,7.1
动作,斯特拉顿,5.4
动作,非凡任务,6.4
动作,绑架者,4.9
动作,少年泰坦：犹大契约,6.6
动作,攻壳机动队,6.5
动作,海军陆战队员5：杀戮战场,4.2
动作,超凡战队,4.6
动作,加州公路巡警,6.6
动作,叛狱无间,6.5
动作,魔游纪1：盘古之心,5.6
动作,非正式特工,5.1
动作,极盗车神,7.1
动作,敌对区域,6.2
动作,王牌保安,5.3
动作,金刚：骷髅岛,6.6
动作,守护者：世纪战元,4.0
动作,金刚狼3：殊死一战,8.3
动作,疾速特攻,7.3
动作,乐高蝙蝠侠大电影,8.0
动作,决战食神,4.7
动作,被操纵的城市,7.3
动作,东北往事之破马张飞,3.6
动作,功夫瑜伽,5.1
动作,黑暗正义联盟,7.3
动作,新宿天鹅2,5.3
动作,布希维克,5.9
动作,共助,6.7
动作,不眠夜,5.5
动作,极限特工3：终极回归,5.6
动作,生化危机：终章,6.6
动作,铁道飞虎,5.1
动作,刺客信条,5.4
动作,金融决战,6.5
动作,怪兽卡车,6.0
动作,长城,4.9
动作,星球大战外传：侠盗一号,7.3
动作,罗曼蒂克消亡史,7.7
动作,王牌御史猎妖教室,6.3
动作,幽冥,7.1
动作,鼹鼠之歌2：香港狂骚曲,6.2
动作,超级快递,4.5
动作,两个男人,5.3
动作,冲天火,3.6
动作,黑夜传说5：血战,5.7
动作,潘菲洛夫28勇士,7.1
动作,间谍同盟,7.0
动作,我来也,5.6
动作,国际杀手的真实回忆录,6.2
动作,血战钢锯岭,8.7
动作,奇异博士,7.7
动作,三少爷的剑,4.9
动作,侠探杰克：永不回头,5.9
动作,邻家大贱谍,6.1
动作,会计刺客,7.3
动作,杀戮都市：O,7.9
动作,印第安纳波利斯号：勇者无惧,6.0
动作,刑柱之地2,5.0
动作,辣警霸王花,4.1
动作,毁灭者,5.4
动作,热血街区电影版2：红雨篇,5.5
动作,蝙蝠侠：披风斗士归来,6.3
动作,湄公河行动,8.0
动作,王牌逗王牌,3.3
动作,犯罪大师,6.0
动作,终极斗士4,6.9
动作,真田十勇士 真人版,5.9
动作,审讯,5.0
动作,阿修罗,7.2
动作,假小子,4.9
动作,贝尔科实验,6.0
动作,爆头,5.5
动作,血浓于罪,6.4
动作,豪勇七蛟龙,7.4
动作,走火交易,6.0
动作,密探,6.5
动作,搏击之王,4.7
动作,祖父,6.2
动作,机械师2：复活,5.6
动作,伤物语2：热血篇,8.2
动作,终极硬汉,3.2
动作,危城,5.6
动作,使徒行者,6.7
动作,自杀小队,6.1
动作,狙击手：幽灵射手,5.6
动作,谍影重重5,7.3
动作,极速之巅,5.1
动作,玩命直播,6.6
动作,航海王之黄金城,7.7
动作,星际迷航3：超越星辰,7.3
动作,验收测试,4.2
动作,绝地逃亡,5.5
动作,热血街区电影版,5.7
动作,超级保镖,5.2
动作,快手枪手快枪手,5.2
动作,雅多维尔围城战,7.4
动作,寒战2,6.9
动作,泰山归来：险战丛林,6.0
动作,赏金猎人,5.0
动作,掠夺者,5.3
动作,锅盖头3：绝地反击,5.8
动作,终极标靶2,4.8
动作,狩猎,5.8
动作,三人行,5.9
动作,独立日2：卷土重来,5.6
动作,琼斯的自由国度,6.8
动作,丧尸围城：终结篇,4.6
动作,惊天破,3.9
动作,惊天魔盗团2,6.5
动作,永不退缩3,6.1
动作,忍者神龟2：破影而出,6.3
动作,假死新人生,5.9
动作,魔兽,7.7
动作,吾父吾血,5.8
动作,耐撕侦探,6.9
动作,钢刀,4.0
动作,虚拟现实战,5.1
动作,顽石之拳,6.3
动作,釜山行,8.2
动作,愤怒的小鸟,7.0
动作,杀戮指令,5.7
动作,X战警：天启,7.8
动作,英雄迷的生活,5.6
动作,荣耀法则,5.3
动作,名侦探洪吉童：消失的村庄,6.1
动作,狙击手：特别行动,3.9
动作,火星异种,5.0
动作,请叫我英雄,7.0
动作,猎神：冬日之战,5.4
动作,巴黎危机,6.4
动作,珍宝大战,5.2
动作,刑警兄弟,5.1
动作,火海凌云,7.7
动作,白日末路,5.4
动作,超脑48小时,6.4
动作,脑残粉,6.6
动作,冰河追凶,5.7
动作,我怒了,5.4
动作,阴阳先生之末代天师,4.9
动作,美国队长3,7.7
动作,我的特工爷爷,5.3
动作,正义联盟大战少年泰坦,6.5
动作,蝙蝠侠大战超人：正义黎明,6.6
动作,暗杀教室：毕业篇,6.3
动作,黑白,5.2
动作,暴力山谷,5.9
动作,分歧者3：忠诚世界,5.7
动作,水手服与机关枪：毕业,4.4
动作,伦敦陷落,6.1
动作,乐高超级英雄：正义联盟之宇宙冲击,7.4
动作,神战：权力之眼,6.4
动作,红色警戒999,5.7
动作,王牌贱谍：格林斯比,7.2
动作,卧虎藏龙：青冥宝剑,4.7
动作,复活,5.9
动作,死侍,7.5
动作,最后的王,6.1
动作,西游记之孙悟空三打白骨精,5.6
动作,功夫熊猫3,7.7
动作,怒海救援,7.2
动作,撤离科威特,6.8
动作,蝙蝠侠：血脉恩仇,6.8
动作,危机13小时,7.6
动作,佐州自救兄弟2,5.9
动作,第五波,4.6
动作,伤物语1：铁血篇,8.1
动作,拿起枪的简,6.0
动作,暗杀游戏,3.8
动作,叶问3,6.3
动作,寻龙诀,7.5
动作,星球大战7：原力觉醒,7.1
动作,大虎,7.2
动作,近距离,5.2
动作,极盗者,6.8
动作,消失的凶手,4.8
动作,饥饿游戏3：嘲笑鸟(下),6.1
动作,抢劫,6.4
动作,师父,8.1
动作,烈日迷踪,6.5
动作,007：幽灵党,6.2
动作,最后的巫师猎人,5.8
动作,手机,6.7
动作,图书馆战争：记忆之书,7.5
动作,他们叫我吉克,6.3
动作,图书馆战争2：最后的任务,7.1
动作,愤怒的律师,6.5
动作,九层妖塔,4.2
动作,血光光五人帮：传说,5.4
动作,移动迷宫2,5.7
动作,别有动机,4.3
动作,12回合3：致命禁闭,4.6
动作,失忆风云,4.9
动作,玩命速递：重启之战,5.9
动作,阿纳克莱托：特务密探,6.0
动作,S-最后的警官：夺还,5.1
动作,海浪,5.9
动作,治外法权,5.5
动画,星河战队：火星叛国者,5.8
动画,赛尔号大电影6：圣者无敌,4.9
动画,星游记之风暴法米拉,7.5
华语,西谎极落之太爆太子太空舱,6.3
华语,小戏骨：放开那三国,8.3
华语,赛尔号大电影6：圣者无敌,4.9
华语,鲛珠传,4.4
可播放,西谎极落之太爆太子太空舱,6.3
可播放,小戏骨：放开那三国,8.3
可播放,鲛珠传,4.4
可播放,星游记之风暴法米拉,7.5
可播放,三生三世十里桃花,4.0
可播放,喵星人,4.4
可播放,海滩的一天,8.3
可播放,悟空传,5.2
喜剧,西谎极落之太爆太子太空舱,6.3
喜剧,王牌保镖,7.3
喜剧,鲛珠传,4.4
喜剧,裸婚大喜,5.6
喜剧,青年警察,7.1
喜剧,喵星人,4.4
喜剧,大护法,7.9
喜剧,反转人生,5.3
喜剧,绝世高手,6.2
喜剧,父子雄兵,4.7
喜剧,闪光少女,7.5
喜剧,仓皇一夜,5.5
喜剧,重装上阵,5.5
喜剧,神偷奶爸3,6.9
喜剧,李雷和韩梅梅,3.4
喜剧,美好的意外,5.5
喜剧,内裤队长,5.5
喜剧,“吃吃”的爱,5.5
喜剧,战争机器,6.0
喜剧,不期而遇,3.9
喜剧,海滩游侠,5.6
喜剧,母女大战,5.4
喜剧,麻烦家族,4.6
喜剧,如何成为拉丁情人,6.4
喜剧,傲娇与偏见,5.1
喜剧,爸爸是女儿,6.7
喜剧,春娇救志明,7.2
喜剧,指甲刀人魔,4.4
喜剧,喜欢你,6.9
喜剧,三个老枪手,7.6
喜剧,有完没完,5.4
喜剧,蓝精灵：寻找神秘村,6.3
喜剧,加州公路巡警,6.6
喜剧,救僵清道夫,5.3
喜剧,宝贝老板,7.3
喜剧,婚宴桌牌19号,6.1
喜剧,打拳架,5.6
喜剧,酒吧,6.3
喜剧,合约男女,4.4
喜剧,生存家族,8.1
喜剧,乐高蝙蝠侠大电影,8.0
喜剧,东北往事之破马张飞,3.6
喜剧,希望的另一面,7.8
喜剧,猪肉馅饼,7.0
喜剧,无处为家,7.1
喜剧,乘风破浪,6.8
喜剧,西游伏妖篇,5.6
恐怖,鬼屋,4.6
恐怖,安娜贝尔2：诞生,6.5
恐怖,毁灭僵尸,4.9
恐怖,生化危机：复仇,6.4
恐怖,异形：契约,7.3
恐怖,黑夜造访,5.8
恐怖,失眠,6.0
恐怖,异星觉醒,6.5
恐怖,救僵清道夫,5.3
恐怖,鬼话怪谈·祥云寺,5.8
恐怖,酒吧,6.3
恐怖,午夜凶铃3(美版),4.7
恐怖,逃出绝命镇,7.5
恐怖,新娘,4.8
恐怖,送葬人,5.6
恐怖,疗养怨,5.5
恐怖,分裂,7.2
恐怖,诡魔童,5.8
恐怖,女妖,5.4
恐怖,天呐我的丧尸！,5.4
恐怖,育婴室,4.5
恐怖,索命APP,4.3
恐怖,别挂电话,5.7
恐怖,死亡占卜2：恶灵始源,6.1
恐怖,深海逃生,6.4
恐怖,刑柱之地2,5.0
恐怖,天赐之女,6.8
恐怖,虚空异界,5.8
恐怖,别敲两次门,5.1
恐怖,三十一,4.4
恐怖,布莱尔女巫,4.6
恐怖,无名女尸,7.4
恐怖,当树枝折断时,5.5
恐怖,我不是连环杀手,5.7
恐怖,致命邻居,5.8
恐怖,26种死法2.5：M号档案,5.1
恐怖,病毒,4.6
恐怖,中邪,6.9
恐怖,关灯后,6.5
恐怖,魔都凶音,4.8
恐怖,闹鬼校园,5.0
恐怖,人类清除计划3,6.0
恐怖,丧尸围城：终结篇,4.6
恐怖,贞子大战伽椰子,4.5
恐怖,恐吓运动,6.9
恐怖,招魂2,7.6
恐怖,夺命来电,4.6
恐怖,恐怖故事3：火星来的少女,4.7
恐怖,笔仙大战贞子,3.9
恐怖,少女椿,5.1
恐怖,末世肉体,4.7
恐怖,生吃,7.1
悬疑,死亡笔记,4.0
悬疑,安娜贝尔2：诞生,6.5
悬疑,京城81号2,3.9
悬疑,一天,7.1
悬疑,22年后的自白：我是杀人犯,7.5
悬疑,浮生梦,6.2
悬疑,夏天19岁的肖像,4.9
悬疑,惊天解密,5.7
悬疑,黑夜造访,5.8
悬疑,拆弹专家,6.4
悬疑,墙里的声音,5.3
悬疑,记忆大师,7.2
悬疑,神秘家族,5.0
悬疑,梅格雷的十字路口之夜,7.4
悬疑,名侦探柯南：唐红的恋歌,6.5
悬疑,时间上的家,6.4
悬疑,暗黑女子,6.2
悬疑,嫌疑人X的献身,6.4
悬疑,目击者之追凶,8.1
悬疑,夜色撩人,4.7
悬疑,我们,4.3
悬疑,糜骨之壤,6.1
悬疑,命运晚餐,5.4
悬疑,逃出绝命镇,7.5
悬疑,忽然七日,6.4
悬疑,柏林综合症,5.9
悬疑,新娘,4.8
悬疑,疗养怨,5.5
悬疑,你好，疯子！,6.8
悬疑,那年夏天你去了哪里,4.7
悬疑,梅格雷的亡者,7.3
悬疑,绝对控制,5.3
悬疑,灵魂纸扎店,6.4
悬疑,罗曼蒂克消亡史,7.7
悬疑,少年,5.8
日本,22年后的自白：我是杀人犯,7.5
日本,生化危机：复仇,6.4
日本,BLAME!,7.6
日本,重返17岁,6.6
日本,名侦探柯南：唐红的恋歌,6.5
日本,暗黑女子,6.2
日本,P与JK,5.1
日本,黑子的篮球：最后的游戏,6.9
日本,午睡公主,5.8
日本,啦啦队之舞：女高中生用啦啦队舞蹈征服全美的真实故事,6.6
日本,哆啦A梦：大雄的南极冰冰凉大冒险,6.6
日本,春&夏事件簿,5.0
日本,我们,4.3
日本,空白的13年,7.5
日本,今天的吉良同学,6.1
日本,一周的朋友,6.4
日本,生存家族,8.1
日本,相棒剧场版4,6.6
日本,人生密密缝,8.4
日本,与君相恋100次,6.3
日本,伤痕累累的恶魔,6.0
日本,天才麻将少女 电影版,5.1
日本,奇迹，那天如此重要,7.5
日本,破门：两个疫病神,6.1
日本,一吻定情电影版2：大学篇,4.5
日本,黑执事：大西洋之书,8.3
日本,新宿天鹅2,5.3
日本,本能寺酒店,6.1
日本,雌猫们,5.5
日本,珈百璃的堕落,7.6
日本,明天也有好吃的饭,5.8
日本,伤物语3：冷血篇,8.3
日本,明日的我与昨日的你约会,7.5
日本,鼹鼠之歌2：香港狂骚曲,6.2
日本,安昙春子下落不明,6.4
日本,古都,6.7
日本,白百合,5.1
日本,疾风回旋曲,6.0
日本,一吻定情电影版1：高中篇,4.3
日本,圣之青春,7.4
日本,在这世界的角落,7.6
日本,老人交响乐团,7.2
日本,溺水小刀,7.2
日本,天呐我的丧尸！,5.4
日本,请和我的妻子结婚,7.0
日本,我的叔叔,7.0
日本,生日卡片,7.6
日本,暗金丑岛君：完结篇,7.7
日本,金牌男人,7.1
日本,杀戮都市：O,7.9
日本,父亲与伊藤先生,7.7
日本,恶魔蛙男,6.5
日本,少女,5.6
日本,早安秀,6.6
日本,热血街区电影版2：红雨篇,5.5
日本,滚烫的爱,7.8
日本,独家新闻,7.0
日本,数码宝贝大冒险tri. 第3章：告白,7.6
日本,爱哭鬼皮埃罗的婚礼,6.2
日本,暗金丑岛君3,7.3
日本,真田十勇士 真人版,5.9
日本,声之形,6.9
日本,跨越栅栏,6.7
日本,怒,7.7
日本,四月是你的谎言,5.8
日本,苦中带甜的滋味,6.6
日本,谁的木琴,6.6
日本,永远的托词,7.7
日本,反情色,6.6
日本,愚行录,7.6
日本,明明不喜欢,4.7
日本,异邦警察 电影版,5.2
日本,后妻业之女,6.7
日本,你的名字。,8.5
日本,恋妻家宫本,7.2
日本,青空呐喊,6.5
日本,伤物语2：热血篇,8.2
日本,秘密,5.3
日本,花芯,5.6
日本,黑猫鲁道夫,7.0
日本,我被爸爸绑架了,7.7
日本,新哥斯拉,6.5
日本,航海王之黄金城,7.7
日本,加速世界：无限超频,6.0
日本,屋顶的散步者,4.9
日本,热血街区电影版,5.7
日本,精灵宝可梦：波尔凯尼恩与机巧的玛机雅娜,6.3
日本,最终幻想15：王者之剑,7.3
日本,森山中教习所,7.2
日本,全员单恋,6.6
日本,人狼游戏：越狱,4.9
日本,闹鬼校园,5.0
日本,早死早投胎之地狱摇滚篇,7.8
日本,日本最坏的家伙们,6.7
日本,讨厌的女人,5.7
日本,贞子大战伽椰子,4.5
日本,战神：只是爱着你 电影版,4.7
日本,葛城事件,6.4
日本,二重生活,7.2
日本,濑户内海,8.2
日本,昭和64年 后篇,7.1
日本,伤心往事,6.5
日本,夏美的萤火虫,6.1
日本,植物图鉴,6.2
日本,星笼之海,5.2
日本,高台家的成员,6.1
日本,团地,7.0
日本,狼少女与黑王子,6.1
日本,白昼之雨,7.0
日本,错乱的一代,6.9
日本,少女椿,5.1
日本,比海更深,8.6
日本,假如猫从世界上消失了,7.2
日本,临渊而立,7.1
日本,殿下，给点利息,7.0
日本,昭和64年 前篇,7.0
日本,英雄迷的生活,5.6
日本,亚人2：冲突,8.4
日本,花牌情缘 下之句,7.1
日本,火星异种,5.0
日本,读取记忆碎片的男人,6.3
日本,请叫我英雄,7.0
日本,游戏王：次元的黑暗面,7.8
日本,告白实行委员会：从很久以前就喜欢你了,7.0
日本,太阳,5.5
日本,吹响悠风号：欢迎来到北宇治高中吹奏乐部,8.3
日本,名侦探柯南：纯黑的恶梦,6.2
日本,蜡笔小新：梦境世界大突击,7.3
日本,莫西干回到故乡,7.7
日本,毒虫,4.2
日本,窥视之眸,4.5
日本,奇怪的她,6.9
日本,蜜之哀伤,6.2
日本,瑞普·凡·温克尔的新娘,7.4
日本,无伴奏,6.4
日本,暗杀教室：毕业篇,6.3
日本,花牌情缘 上之句,7.2
日本,只有我不在的街道,6.1
日本,家族之苦,8.1
日本,数码宝贝大冒险tri. 第2章：决意,6.7
日本,珠峰：神之山岭,5.6
日本,哆啦A梦：新·大雄的日本诞生,7.1
日本,星丘车站失物招领,6.1
日本,水手服与机关枪：毕业,4.4
日本,成年人的爱情故事,4.3
日本,我才不会对黑崎君说的话言听计从,5.2
日本,当女人沉睡时,5.1
日本,珍游记,4.7
日本,同级生,8.7
日本,毛骨悚然,5.9
日本,荔枝光俱乐部,4.9
日本,亡国的阿基德最终章：致我所爱,4.8
日本,头文字D新剧场版：梦现,7.0
日本,为什么猫都叫不来,7.5
日本,演员龟冈拓次,6.9
日本,信长协奏曲 电影版,6.8
日本,像“像那样的东西”那样的东西,6.8
日本,粉与灰,6.9
日本,玻璃之花与坏掉的世界,5.9
日本,人生的约定,6.6
日本,伤物语1：铁血篇,8.1
日本,少爷,8.5
日本,红鳉鱼,9.0
日本,山中的汤姆先生,7.6
日本,樱桃小丸子：来自意大利的少年,7.1
日本,小花的味噌汤,7.5
日本,橘色奇迹,6.8
日本,如果和母亲一起生活,7.4
日本,欢乐时光,7.9
日本,人狼游戏：疯狂的狐狸,5.0
日本,High☆Speed! -Free! Starting Days-,7.7
日本,杉原千亩,6.7
日本,和谐,7.0
日本,亚人1：冲动,8.6
日本,少女与战车 剧场版,9.0
日本,雨树之国,6.5
日本,剧场灵,4.0
日本,恋人们,7.4
日本,藤田嗣治,7.2
日本,蚱蜢,5.9
日本,剧场版MOZU,5.3
日本,通学电车,4.5
日本,为你取名的那一天,8.4
日本,俺物语,7.1
日本,残秽，不可以住的房间,6.7
日本,下众之爱,7.3
日本,再见,7.1
日本,银河街道,5.6
日本,我是和尚,6.8
日本,图书馆战争：记忆之书,7.5
日本,前辈和她,5.2
日本,探险队的荣光,6.0
日本,老师与流浪猫,7.2
日本,图书馆战争2：最后的任务,7.1
日本,食梦者,7.7
日本,罪的留白,5.2
日本,尸者帝国,6.4
日本,血光光五人帮：传说,5.4
日本,心灵想要大声呼喊,7.5
日本,女主角失格,6.3
最新,西谎极落之太爆太子太空舱,6.3
最新,小戏骨：放开那三国,8.3
最新,杀人优越权,6.6
最新,星河战队：火星叛国者,5.8
最新,王牌保镖,7.3
最新,裸婚大喜,5.6
最新,安娜贝尔2：诞生,6.5
最新,星游记之风暴法米拉,7.5
最新,青年警察,7.1
最新,猎杀星期一,6.8
最新,六天,6.3
最新,军舰岛,7.7
最新,蝙蝠侠与哈莉·奎恩,6.2
最新,首杀,5.2
最新,海滩的一天,8.3
最新,悟空传,5.2
最新,伪婚男女,6.4
最新,我们,7.1
最新,难以置信,5.4
最新,再见时光,5.5
最新,绝命时钟2:22,6.0
最新,哀乐女子天团,7.0
最新,反转人生,5.3
最新,缉枪,6.4
最新,绝世高手,6.2
最新,我是马布里,6.3
最新,死于独特,7.9
最新,绣春刀II：修罗战场,7.4
最新,闪光少女,7.5
最新,明月几时有,7.1
最新,一锤定音,7.4
最新,阿唐奇遇,7.2
最新,仓皇一夜,5.5
最新,重装上阵,5.5
最新,六人晚餐,5.5
最新,一天,7.1
最新,神偷奶爸3,6.9
最新,22年后的自白：我是杀人犯,7.5
最新,浮生梦,6.2
最新,忠爱无言,7.2
最新,赶尽杀绝,5.1
最新,内裤队长,5.5
最新,美好的意外,5.5
最新,代立军,6.3
最新,神奇女侠,7.1
欧美,死亡笔记,4.0
欧美,星河战队：火星叛国者,5.8
欧美,王牌保镖,7.3
欧美,安娜贝尔2：诞生,6.5
欧美,猎杀星期一,6.8
欧美,六天,6.3
欧美,蜘蛛侠：英雄归来,7.5
欧美,绝命时钟2:22,6.0
欧美,变形金刚5：最后的骑士,4.8
欧美,死于独特,7.9
欧美,一锤定音,7.4
欧美,亨利之书,6.6
欧美,仓皇一夜,5.5
欧美,神偷奶爸3,6.9
欧美,新木乃伊,4.8
欧美,浮生梦,6.2
欧美,内裤队长,5.5
欧美,神奇女侠,7.1
欧美,加勒比海盗5：死无对证,7.3
欧美,战争机器,6.0
欧美,双面情人,6.9
欧美,牡丹花下,6.1
欧美,绑架,5.7
欧美,每分钟120击,8.1
欧美,欺诈圣手,6.5
欧美,末日重启,4.1
欧美,勒索风云,6.9
欧美,亚瑟王：斗兽争霸,7.1
欧美,海滩游侠,5.6
欧美,生死之墙,6.9
欧美,异形：契约,7.3
热门,西谎极落之太爆太子太空舱,6.4
热门,小戏骨：放开那三国,8.3
热门,死亡笔记,4.0
热门,鬼屋,4.6
热门,杀人优越权,6.6
热门,星河战队：火星叛国者,5.8
热门,安娜贝尔2：诞生,6.5
热门,鲛珠传,4.4
热门,星游记之风暴法米拉,7.5
热门,青年警察,7.1
热门,猎杀星期一,6.8
热门,六天,6.3
热门,军舰岛,7.7
热门,蝙蝠侠与哈莉·奎恩,6.2
热门,喵星人,4.4
热门,海滩的一天,8.3
热门,悟空传,5.2
热门,青禾男高,4.0
热门,京城81号2,3.9
热门,铁甲战神,4.4
热门,绝命时钟2:22,6.0
热门,哀乐女子天团,7.0
热门,反转人生,5.4
热门,真实,4.9
热门,缉枪,6.4
热门,绝世高手,6.2
热门,变形金刚5：最后的骑士,4.8
热门,父子雄兵,4.7
热门,逆时营救,4.8
热门,明月几时有,7.1
热门,绣春刀II：修罗战场,7.4
热门,我是马布里,6.3
热门,死于独特,7.9
热门,阿唐奇遇,7.2
热门,一锤定音,7.4
热门,仓皇一夜,5.5
热门,六人晚餐,5.5
热门,一天,7.1
热门,神偷奶爸3,6.9
热门,22年后的自白：我是杀人犯,7.5
热门,新木乃伊,4.8
热门,浮生梦,6.2
热门,忠爱无言,7.2
热门,李雷和韩梅梅,3.4
热门,美好的意外,5.5
热门,内裤队长,5.5
热门,神奇女侠,7.1
热门,荡寇风云,6.1
热门,“吃吃”的爱,5.5
热门,夏天19岁的肖像,4.9
热门,生化危机：复仇,6.4
热门,加勒比海盗5：死无对证,7.3
热门,双面情人,7.0
热门,战争机器,6.0
热门,之后,7.5
热门,绑架,5.7
热门,恶女,6.1
热门,BLAME!,7.6
热门,欺诈圣手,6.5
热门,玉子,6.6
热门,不期而遇,3.9
热门,小情书,6.2
热门,末日重启,4.1
热门,不汗党,6.9
热门,勒索风云,6.9
热门,亚瑟王：斗兽争霸,7.1
热门,海滩游侠,5.6
热门,生死之墙,6.9
热门,毒。诫,4.8
热门,母女大战,5.5
热门,麻烦家族,4.6
热门,异形：契约,7.3
热门,梅根·利维,7.1
热门,同囚,5.7
热门,黑夜造访,5.8
热门,巴霍巴利王(下)：终结,7.1
热门,拆弹专家,6.4
热门,如何成为拉丁情人,6.4
热门,圆圈,5.1
热门,特别市民,6.4
热门,记忆大师,7.2
热门,那些爱人,6.9
热门,神秘家族,5.0
热门,血狼犬,5.8
热门,蚯蚓,6.8
热门,傲娇与偏见,5.1
热门,银河护卫队2,8.1
热门,失眠,6.0
热门,梅格雷的十字路口之夜,7.4
热门,重返17岁,6.6
热门,名侦探柯南：唐红的恋歌,6.5
热门,天才少女,8.1
热门,速度与激情8,7.1
热门,春娇救志明,7.2
热门,指甲刀人魔,4.4
热门,喜欢你,6.9
热门,三个老枪手,7.6
热门,空难余波,5.5
热门,时间上的家,6.4
热门,有完没完,5.4
热门,暗黑女子,6.2
热门,目击者之追凶,8.1
热门,嫌疑人X的献身,6.4
热门,非凡任务,6.4
热门,绑架者,4.9
热门,攻壳机动队,6.5
热门,一条龙,6.5
热门,P与JK,5.1
热门,蓝精灵：寻找神秘村,6.3
热门,超凡战队,4.6
热门,加州公路巡警,6.6
热门,叛狱无间,6.5
热门,黑子的篮球：最后的游戏,6.9
热门,异星觉醒,6.5
热门,午睡公主,5.8
热门,美女与野兽,7.2
热门,救僵清道夫,5.3
热门,宝贝老板,7.3
热门,动物园长的夫人,6.9
热门,啦啦队之舞：女高中生用啦啦队舞蹈征服全美的真实故事,6.6
热门,原谅他77次,6.6
热门,夜色撩人,4.7
热门,歌声不绝,5.6
热门,终结的感觉,6.5
热门,敌对区域,6.2
热门,哆啦A梦：大雄的南极冰冰凉大冒险,6.6
热门,春&夏事件簿,5.0
热门,王牌保安,5.3
热门,婚宴桌牌19号,6.1
热门,解冻,6.4
热门,金刚：骷髅岛,6.6
热门,今天的吉良同学,6.1
热门,守护者：世纪战元,4.0
热门,单身骑士,6.8
热门,他们先杀了我父亲：一个柬埔寨女儿的回忆录,7.7
热门,一周的朋友,6.4
热门,金刚狼3：殊死一战,8.3
热门,独自在夜晚的海边,7.1
热门,酒吧,6.3
热门,合约男女,4.4
热门,糜骨之壤,6.1
热门,生存家族,8.1
热门,肌肤,7.6
热门,相棒剧场版4,6.6
热门,人生密密缝,8.4
热门,五十度黑,4.9
热门,乐高蝙蝠侠大电影,8.0
热门,疾速特攻,7.3
热门,决战食神,4.7
热门,命运晚餐,5.4
热门,被操纵的城市,7.3
热门,与君相恋100次,6.3
热门,希望的另一面,7.8
热门,回到火星,5.8
热门,东北往事之破马张飞,3.6
热门,无处为家,7.1
热门,健忘村,6.7
热门,功夫瑜伽,5.1
热门,乘风破浪,6.8
热门,西游伏妖篇,5.6
热门,奇迹，那天如此重要,7.5
热门,熊出没·奇幻空间,6.4
热门,一条狗的使命,7.7
热门,猜火车2,8.0
热门,52赫兹，我爱你,6.0
热门,莫斯科陷落,5.0
热门,最后的话,7.4
热门,逃出绝命镇,7.5
热门,骨瘦如柴,6.7
热门,鬼魅浮生,7.6
热门,黑执事：大西洋之书,8.3
热门,忽然七日,6.4
热门,布希维克,5.9
热门,大病,7.7
热门,柏林综合症,5.9
热门,爱有来世,6.2
热门,王者,7.4
热门,共助,6.7
热门,本能寺酒店,6.1
热门,雌猫们,5.5
热门,明天也有好吃的饭,5.8
热门,伤物语3：冷血篇,8.3
热门,极限特工3：终极回归,5.6
热门,情圣,6.1
热门,你好，疯子！,6.8
热门,那年夏天你去了哪里,4.7
热门,金矿,7.7
热门,隐于书后,7.8
热门,分裂,7.2
热门,隐藏人物,8.6
热门,夜色人生,6.4
热门,梅格雷的亡者,7.3
热门,绝对控制,5.3
热门,生化危机：终章,6.6
热门,摆渡人,4.0
热门,为什么是他？,6.4
热门,刺客信条,5.4
热门,太空旅客,6.9
热门,金融决战,6.5
热门,怪兽卡车,6.0
热门,明日的我与昨日的你约会,7.5
热门,罗曼蒂克消亡史,7.7
热门,长城,4.9
热门,星球大战外传：侠盗一号,7.3
热门,附属美丽,6.6
热门,藩篱,6.9
热门,少年,5.8
热门,了不起的菲丽西,6.5
热门,救命解药,6.9
热门,28岁未成年,5.7
热门,幽冥,7.1
热门,鼹鼠之歌2：香港狂骚曲,6.2
热门,潘多拉,7.4
热门,性爱娃娃,4.9
热门,安昙春子下落不明,6.4
热门,超级快递,4.5
热门,沉默,7.6
热门,白百合,5.1
热门,最萌身高差,3.8
热门,大创业家,7.3
热门,黑夜传说5：血战,5.7
热门,潘菲洛夫28勇士,7.1
热门,突然20岁,7.0
热门,海洋奇缘,7.6
热门,间谍同盟,7.0
热门,哥,7.3
热门,神奇动物在哪里,7.8
热门,勇士之门,3.5
热门,爱国者日,8.1
热门,被掩盖的时间,7.5
热门,在这世界的角落,7.6
热门,斯隆女士,8.7
热门,女教师,5.6
热门,溺水小刀,7.2
热门,血战钢锯岭,8.7
热门,流浪猫鲍勃,8.1
热门,捉迷藏,5.4
热门,血战钢锯岭,8.7
热门,流浪猫鲍勃,8.1
热门,捉迷藏,5.4
热门,我的叔叔,7.0
热门,29+1,7.3
热门,驴得水,8.3
热门,但丁密码,6.2
热门,魔发精灵,7.2
热门,生日卡片,7.6
热门,三少爷的剑,4.9
热门,邻家大贱谍,6.1
热门,侠探杰克：永不回头,5.9
热门,死亡占卜2：恶灵始源,6.1
热门,深海逃生,6.4
热门,贝拉的奇幻花园,7.3
热门,比利·林恩的中场战事,8.4
热门,迷失Z城,6.8
热门,伦敦一家人,8.7
热门,会计刺客,7.3
热门,杀戮都市：O,7.9
热门,某种女人,6.9
热门,幸运钥匙,7.2
热门,人类削减计划,5.3
热门,二十世纪女人,7.7
热门,父亲与伊藤先生,7.7
热门,恶魔蛙男,6.5
热门,滚烫的爱,7.8
热门,一万公里的约定,4.6
热门,春梦,7.4
热门,火车上的女孩,6.4
热门,小戏骨：白蛇传,8.4
热门,独家新闻,7.0
热门,湄公河行动,8.0
热门,佩小姐的奇幻城堡,7.3
热门,深海浩劫,7.0
热门,王牌逗王牌,3.3
热门,从你的全世界路过,5.3
爱情,三生三世十里桃花,4.0
爱情,三生三世十里桃花,4.0
爱情,海滩的一天,8.3
爱情,秘果,4.8
爱情,我们,7.1
爱情,再见时光,5.5
爱情,六人晚餐,5.5
爱情,李雷和韩梅梅,3.4
爱情,浮生梦,6.2
爱情,“吃吃”的爱,5.5
爱情,夏天19岁的肖像,4.9
爱情,之后,7.5
爱情,不期而遇,3.9
爱情,小情书,6.2
爱情,美容针,4.0
爱情,那些爱人,6.9
爱情,傲娇与偏见,5.1
爱情,重返17岁,6.6
爱情,春娇救志明,7.2
爱情,指甲刀人魔,4.4
爱情,喜欢你,6.9
爱情,海角有个五店市,4.4
爱情,P与JK,5.1
爱情,美女与野兽,7.2
爱情,原谅他77次,6.6
爱情,一周的朋友,6.4
爱情,合约男女,4.4
爱情,五十度黑,4.9
爱情,与君相恋100次,6.3
科幻,星河战队：火星叛国者,5.8
科幻,猎杀星期一,6.8
科幻,蜘蛛侠：英雄归来,7.5
科幻,铁甲战神,4.4
科幻,变形金刚5：最后的骑士,4.8
科幻,逆时营救,4.8
科幻,BLAME!,7.6
科幻,玉子,6.6
科幻,末日重启,4.1
科幻,异形：契约,7.3
经典,解救吾先生,7.8
经典,实习生,7.6
经典,精灵旅社2,7.4
经典,心灵想要大声呼喊,7.5
经典,与外婆同行,7.7
经典,知无涯者,7.3
经典,思悼,8.3
经典,冈仁波齐,7.7
经典,失常,7.4
经典,罪恶之家,8.3
经典,尊严殖民地,7.7
经典,炙热,8.6
经典,特朗勃,7.7
经典,天空之眼,7.8
经典,破碎人生,7.4
经典,老炮儿,7.9
经典,丹麦女孩,8.1
经典,塔洛,7.7
经典,房间,8.8
经典,妇女参政论者,8.1
经典,聚焦,8.8
经典,无境之兽,7.8
经典,绝命海拔,7.4
经典,无处可逃,7.2
经典,内在美,7.5
经典,我的少女时代,7.8
经典,秘密特工,8.0
经典,冲出康普顿,7.6
经典,滚蛋吧！肿瘤君,7.4
经典,这时对那时错,7.4
经典,诚实国度的爱丽丝,7.5
经典,路边野餐,7.7
经典,火影忍者剧场版：博人传,8.4
经典,破风,7.2
经典,地心营救,7.3
经典,老手,7.5
经典,碟中谍5：神秘国度,7.7
经典,误杀瞒天记,8.2
经典,旅行终点,7.8
经典,假期历险记,7.1
经典,铁拳,7.2
经典,暗杀,8.0
经典,小萝莉的猴神大叔,8.7
经典,蚁人,7.6
经典,斯坦福监狱实验,7.3
经典,怪物之子,7.6
经典,西游记之大圣归来,8.2
经典,小黄人大眼萌,7.3
经典,巴霍巴利王(上)：开端,7.2
经典,老笠,7.4
经典,我是路人甲,7.2
经典,感化院,8.4
豆瓣高分,小戏骨：放开那三国,8.3
豆瓣高分,海滩的一天,8.3
豆瓣高分,银河护卫队2,8.1
豆瓣高分,天才少女,8.1
豆瓣高分,目击者之追凶,8.1
豆瓣高分,金刚狼3：殊死一战,8.3
豆瓣高分,生存家族,8.1
豆瓣高分,人生密密缝,8.4
豆瓣高分,乐高蝙蝠侠大电影,8.0
豆瓣高分,猜火车2,8.0
豆瓣高分,黑执事：大西洋之书,8.3
豆瓣高分,伤物语3：冷血篇,8.3
豆瓣高分,隐藏人物,8.6
豆瓣高分,摔跤吧！爸爸,9.1
豆瓣高分,爱国者日,8.1
豆瓣高分,斯隆女士,8.7
豆瓣高分,血战钢锯岭,8.7
韩国,杀人优越权,6.6
韩国,青年警察,7.1
韩国,军舰岛,7.7
韩国,真实,4.9
韩国,一天,7.1
韩国,代立军,6.3
韩国,之后,7.5
韩国,恶女,6.1
韩国,玉子,6.6
韩国,不汗党,6.9
韩国,保安官,6.1
韩国,特别市民,6.4
韩国,蚯蚓,6.8
韩国,爸爸是女儿,6.7
韩国,时间上的家,6.4
韩国,某一天,6.4
韩国,一条龙,6.5
韩国,叛狱无间,6.5
韩国,普通人,6.4
韩国,非正式特工,5.1
韩国,解冻,6.4
韩国,雪花,6.6
韩国,单身骑士,6.8
韩国,清醒梦,5.7
韩国,独自在夜晚的海边,7.1
韩国,再审,6.5
韩国,老幺,6.5
韩国,被操纵的城市,7.3
韩国,王者,7.4
韩国,共助,6.7
韩国,因为爱,6.4
韩国,金融决战,6.5
韩国,你会在那里吗？,6.7
韩国,潘多拉,7.4
韩国,迷失：消失的女人,6.8
韩国,两个男人,5.3
韩国,哥,7.3
韩国,被掩盖的时间,7.5
韩国,女教师,5.6
韩国,竞走女王,5.9
韩国,幸运钥匙,7.2
韩国,春梦,7.4
韩国,无限商社2016：危机的公司职员,7.2
韩国,阿修罗,7.2
韩国,你自己与你所有,7.0
韩国,密探,6.5
韩国,网,7.1
韩国,祖父,6.2
韩国,最坏的一天,6.2
韩国,犯罪女王,6.0
韩国,首尔站,5.4
韩国,隧道,7.6
韩国,国家代表2,6.8
韩国,德惠翁主,7.3
韩国,仁川登陆作战,5.3
韩国,诡计,6.0
韩国,凤伊金先达,6.4
韩国,告别单身,6.6
韩国,狩猎,5.8
韩国,没有秘密,6.5
韩国,我们的世界,8.4
韩国,女人的战争之肮脏的交易,4.9
韩国,特别搜查：死囚来信,6.4
韩国,致命恋爱,5.1
韩国,恐怖故事3：火星来的少女,4.7
韩国,善良的女秘书的目的,4.0
韩国,季春奶奶,8.3
韩国,小姐,7.9
韩国,釜山行,8.2
韩国,哭声,7.1
韩国,名侦探洪吉童：消失的村庄,6.1
韩国,恋爱谈,7.7
韩国,年轻母亲4,4.6
韩国,我的新野蛮女友,3.4
韩国,伟大的愿望,7.4
韩国,解语花,7.1
韩国,时间脱离者,6.7
韩国,日历女孩,4.3
韩国,来看我吧,6.4
韩国,蚀,6.9
韩国,大演员,6.5
韩国,等着你,6.6
韩国,我朋友的老姐,4.2
韩国,男与女,7.9
韩国,鬼乡,7.4
韩国,纯情,7.1
韩国,家教高级课程,5.0
韩国,请点赞,6.5
韩国,东柱,7.5
韩国,酒神小姐,8.2
韩国,检察官外传,7.1
韩国,机器人SORI,6.9
韩国,姐姐的朋友,4.3
韩国,那天的氛围,6.3
韩国,寄宿公寓2,4.3
韩国,不要忘记我,5.8
韩国,朝鲜魔术师,5.4
韩国,大虎,7.2
韩国,喜马拉雅,7.2
韩国,爱丽丝：从仙境来的少年,5.6
韩国,追逐时间,6.3
韩国,戏剧性的一夜,5.6
韩国,空即是色,4.6
韩国,桃李花歌,6.4
韩国,假装热情,6.1
韩国,局内人,7.6
韩国,我有时候也想成为A片主人公,5.2
韩国,黑司祭们,6.5
韩国,那家伙,5.4
韩国,对不起，我爱你，谢谢你,6.1
韩国,新建文件夹2,4.1
韩国,诱人的飞行,4.0
韩国,手机,6.7
韩国,独家报道：良辰杀人记,6.7
韩国,胶片时代爱情,6.4
韩国,秘密,4.8
韩国,有夫之妇,4.3
韩国,愤怒的律师,6.5
韩国,另有他路,6.4
韩国,4等,7.5
韩国,光辉岁月,7.0
韩国,第二次二十岁,6.8
韩国,侦探：开端,6.7
韩国,西部战线,6.4
韩国,课中坏事,4.1
韩国,陷阱：致命的诱惑,5.1
韩国,思悼,8.3
韩国,突然变异,6.3
韩国,陷阱,6.0
韩国,猪一样的女子,5.1
韩国,年轻母亲3,4.7
韩国,美味人妻2,4.2
韩国,治外法权,5.5
韩国,内在美,7.5
韩国,妈妈的朋友,5.1
韩国,这时对那时错,7.4
韩国,诚实国度的爱丽丝,7.5
韩国,妻子小姐,7.3
韩国,侠女：剑的记忆,5.3
韩国,老手,7.5
韩国,最后的慰安妇,5.4
韩国,暗杀,8.0
韩国,客人,6.5
韩国,圣母,6.4
韩国,牙齿与指甲,6.0
韩国,我的亲密敌人,4.9
韩国,少数意见,7.0
韩国,延坪海战,6.5
韩国,极秘搜查,6.8
韩国,京城学校：消失的少女们,5.3
韩国,外出,4.3
韩国,隐秘的诱惑,5.7
韩国,美景之屋2,4.3
韩国,无赖汉,5.7
韩国,奸臣,6.4
韩国,办公室,6.0
韩国,罪恶的编年史,6.7
韩国,恋爱的味道,5.9
韩国,年轻母亲：我年纪如何,4.5
韩国,中国城,7.0
韩国,危险的见面礼2,5.8
韩国,长寿商会,7.8
韩国,最后的骑士,5.6
韩国,二十,6.9
韩国,杀人依赖,5.9
韩国,社交恐惧症,6.6
韩国,纯真时代,5.7
韩国,地狱奶奶,6.5
韩国,雪路,8.0
韩国,亲切的家政妇,4.6
韩国,朝鲜名侦探：奴隶的女儿,6.2
韩国,如此美好,7.2
韩国,于宇同：无主之花,4.5
韩国,朝我心脏开枪,7.3
韩国,江南1970,6.4
韩国,猫的葬礼,5.9
韩国,许三观,7.2
韩国,今天的恋爱,5.8
韩国,工作女郎,6.4
韩国,偷狗的完美方法,7.3
韩国,高手们,6.3
韩国,尚衣院,6.6
韩国,国际市场,8.3
韩国,德水里五兄弟,6.2
韩国,怨女日记,7.0
韩国,顶级较量,6.6
韩国,把爸爸借给你,6.1
韩国,少年轻狂,5.3
韩国,愈合伴侣,4.2
韩国,时尚王,4.0
韩国,馨荣堂日记,6.5
韩国,情事,5.4
韩国,我的独裁者,6.5
韩国,我们是兄弟,6.5
韩国,红地毯,5.4
韩国,我的爱我的新娘,6.7
韩国,下水井,5.3
韩国,布拉芙夫人,5.8
韩国,举报者,7.3
韩国,慢放镜头,6.7
韩国,法利赛人,4.6
韩国,食物链,4.7
韩国,烈性摔跤,4.4
韩国,自由之丘,7.3
韩国,老千2：神之手,7.1
韩国,扑通扑通我的人生,7.1
韩国,花葬,7.1
韩国,海雾,7.0
韩国,海盗,6.4
韩国,鸣梁海战,7.0
韩国,群盗：民乱的时代,6.5
韩国,好朋友们,7.5
韩国,神之一手,6.6
韩国,仅此一夜,5.7
韩国,少女怪谈,5.3
韩国,千万次呼唤,5.0
韩国,庆州,7.4
韩国,为了皇帝,5.3
韩国,哭泣的男人,6.4
韩国,高跟鞋,6.7
韩国,一对一,5.9
韩国,道熙呀,7.6
韩国,走到尽头,7.8
韩国,人间中毒,6.4
韩国,标靶,6.4
韩国,逆鳞,6.4
韩国,10分钟,7.2
韩国,彷徨之刃,7.1
韩国,荆棘,6.4
韩国,素描少女,5.1
韩国,青春学堂,4.2
韩国,优雅的谎言,7.5
韩国,怪物,5.8
韩国,遭难者们,5.6
韩国,女演员大作战,4.4
韩国,危险的传言,6.7
韩国,官能的法则,6.1
韩国,夜间飞行,8.0
韩国,朝鲜美女三剑客,4.7
韩国,基因危机：天才科学家的五日,6.3
韩国,热血青春,6.8
韩国,野狗们,5.8
韩国,奇怪的她,8.3
韩国,当男人恋爱时,7.3
韩国,美味人妻,4.0
韩国,杀人者,5.2
韩国,初恋大作战,5.0
韩国,计划男,7.3
韩国,嫌疑人,7.3
韩国,辩护人,9.1
韩国,偷心贼,6.3
韩国,回家的路,8.5
韩国,华丽的外出,5.5
韩国,11时,6.3
韩国,结婚前夜,6.4
韩国,朋友2,6.5
韩国,两个心脏,6.3
韩国,夜关门：欲望之花,5.2
韩国,少女,5.7
韩国,同窗,6.6
韩国,屏息,6.5
韩国,恋爱的技术,4.2
韩国,惩戒者,4.7
韩国,共犯,6.5
韩国,演员就是演员,6.0
韩国,顶级明星,5.8
韩国,起爆,6.2
韩国,夜之女王,6.0
韩国,云霄飞车,6.1
韩国,华颐：吞噬怪物的孩子,7.2
韩国,韩公主,7.5
韩国,幸福出租车,4.4
韩国,素媛,9.1
韩国,强哲,6.5
韩国,花样厨神,5.2
韩国,我们善熙,6.9
韩国,观相,7.2
韩国,莫比乌斯,5.9
韩国,变身小姐,4.6
韩国,间谍,6.2
韩国,流感,7.7
韩国,捉迷藏,6.7
韩国,玫瑰汽车旅馆,4.1
韩国,雪国列车,7.3
韩国,恐怖直播,8.7
韩国,冥王星,6.9
韩国,鼓舞激情,5.9
韩国,绝密跟踪,7.6
韩国,杀人漫画,7.1
韩国,提线木偶,4.5
韩国,樱桃呀，恋爱吧,6.1
韩国,隐秘而伟大,7.7
韩国,恐怖故事2,5.8
韩国,温暖的告别,7.3
韩国,不眠之夜,6.3
韩国,抓住那个家伙,7.9
韩国,美娜的文具店,7.0
韩国,高龄化家族,7.2
韩国,全国歌唱竞赛,6.4
韩国,玩物,5.4
韩国,公正社会,6.3
韩国,传说的拳头,6.7
韩国,落跑老爸,6.5
韩国,恋爱的温度,7.4
韩国,我的帕瓦罗蒂,7.2
韩国,读心术,6.0
韩国,新世界,8.5
韩国,愤怒的伦理学,4.8
韩国,不是任何人女儿的海媛,6.9
韩国,男人使用说明书,5.5
韩国,南方大作战,7.4
韩国,柏林,7.3
韩国,波鲁鲁冰雪大冒险,6.4
韩国,7号房的礼物,8.7
韩国,神汉流氓,7.0
韩国,我的小小英雄,6.9
韩国,姐姐,6.4
韩国,摩天楼,7.4
韩国,创可贴,7.3
韩国,家族荣誉5： 家门的归还,5.4
韩国,我的P.S.搭档,7.1
韩国,26年,6.9
韩国,音痴诊所,6.1
韩国,妈妈别哭,6.0
韩国,南营洞1985,7.2
韩国,犯罪少年,6.9
韩国,胡狼来了,5.3
韩国,如果我告白的话,6.6
韩国,我是杀人犯,7.4
韩国,坏血,5.9
韩国,狼少年,7.8
韩国,海底大冒险,4.8
韩国,美景之屋,4.6
韩国,芭比,6.8
韩国,桃树,6.8
韩国,无情的城市,4.8
韩国,钢铁大吴,6.8
韩国,嫌疑人X的献身,7.4
韩国,医生,4.5
韩国,公司职员,6.5
韩国,占卜师们,5.6
韩国,间谍,6.4
韩国,圣殇,7.7
韩国,577计划,7.3
韩国,90分钟,4.7
韩国,邻居,7.4
韩国,R2B：回到基地,6.6
韩国,随风而逝,6.7
韩国,我是王,5.9
韩国,胖嘟嘟的革命,5.7
韩国,夺宝联盟,7.1
韩国,五百万美元的大丈夫,5.7
韩国,别担心，我是女鬼,6.6
韩国,两个月亮,6.7
韩国,我是公务员,6.4
韩国,铁线虫入侵,6.5
韩国,两个婚礼一个葬礼,6.4
韩国,单身的人上天堂,5.9
韩国,马屁王,6.1
韩国,GO小姐,5.8
韩国,雅典娜：无间谍局,4.8
韩国,后宫：帝王之妾,5.5
韩国,不明影像：绝对点击禁止,6.0
韩国,车警官,6.1
韩国,奶奶一年级,7.5
韩国,天国的孩子们,6.7
韩国,在异国,6.8
韩国,我妻子的一切,7.3
韩国,金钱之味,5.2
韩国,朝韩梦之队,6.5
韩国,恩娇,6.7
韩国,人类灭亡报告书,6.1
韩国,捉奸侦探,5.9
韩国,借尸还魂,6.3
韩国,建筑学概论,7.5
韩国,咖啡,6.1
韩国,火车,6.8
韩国,银实,7.4
韩国,十八，十九,6.0
韩国,爱情小说,6.7
韩国,嚎叫,6.5
韩国,与犯罪的战争：坏家伙的全盛时代,7.7
韩国,爸爸,6.7
韩国,断箭,7.8
韩国,舞蹈皇后,7.4
韩国,永无结局的故事,6.7
韩国,领跑人,7.2
韩国,考拉大冒险,5.4
韩国,完美广播,6.5
韩国,登陆之日,7.2
韩国,完美对垒,8.3
韩国,红色假期黑色婚礼,5.0
韩国,我的见鬼女友,6.7
韩国,爱实录,6.4
韩国,特别搜查总部,5.7
韩国,事物的秘密,6.3
韩国,宠物情人,5.7
韩国,爱情储蓄罐,6.5
韩国,猪猡之王,7.9
韩国,偶像先生,5.9
韩国,情侣们,7.2
韩国,今天,7.5
韩国,只有你,7.6
韩国,少年菀得,8.0
韩国,斗魂,6.6
韩国,委托人,7.2
韩国,倒计时,6.2
韩国,阿门,6.5
韩国,纪子，去首尔吧,6.8
韩国,北村方向,7.6
韩国,啐啄同时,6.1
韩国,家族荣誉4：家门的受难,6.7
韩国,冠军,7.9
韩国,痛症,6.9
韩国,蓝盐,6.1
韩国,盲证,7.4
韩国,最终兵器：弓,7.1
韩国,比利提斯俱乐部的女儿们,7.2
韩国,深海之战,5.2
韩国,寄生灵,5.8
韩国,禽兽,4.1
韩国,鸡妈鸭仔,7.0
韩国,快递惊魂,6.0
韩国,高地战,8.4
韩国,猫：看见死亡的双眼,6.1
韩国,和平公主减肥记,5.1
韩国,丰山犬,6.9
韩国,青葱岁月,7.2
韩国,白色：诅咒的旋律,6.0
韩国,白鲸,6.7
韩国,再见，男孩,7.2
韩国,妈妈,7.4
韩国,对不起，谢谢你,7.7
韩国,消失的头颅,5.3
韩国,阳光姐妹淘,8.8
韩国,逮捕王,6.5
韩国,世上最美的离别,8.3
韩国,可疑的顾客们,7.4
韩国,我是爸爸,6.2
韩国,茂山日记,7.2
韩国,危险的见面礼,6.1
韩国,再见我的微笑,5.9
韩国,我的黑色小礼服,7.2
韩国,爱情真可怕,6.0
韩国,爱，不爱,6.7
韩国,守望者,7.1
韩国,我爱你,9.0
韩国,孩子们,7.4
韩国,惠化，洞,6.2
韩国,朝鲜名侦探：高山乌头花的秘密,6.6
韩国,棒球之爱,7.8
韩国,心跳,6.6
韩国,黄海,8.4
韩国,开心家族,8.5
韩国,站着睡觉的树,6.5
韩国,寻找金钟旭,7.3
韩国,吝啬罗曼史,6.3
韩国,钢琴师,7.2
韩国,二楼的恶人,6.4
韩国,我们见过吗,5.8
韩国,两个女人,5.9
韩国,大庆典,6.3
韩国,超能力者,5.7
韩国,伊帕内玛的少年,6.8
韩国,不良男女,6.3
韩国,不当交易,7.2
韩国,纯乐,5.6
韩国,大酱,6.2
韩国,深夜调频,6.3
韩国,IRIS电影版,5.5
韩国,教你谈恋爱,7.1
韩国,难兄难弟,6.9
韩国,恋爱操作团,6.7
韩国,玉熙的电影,7.5
韩国,无籍者,5.5
韩国,大奖赛,6.8
韩国,竞猜王,5.9
韩国,晚秋,6.9
